{"cameraMode":{"drawMode":0,"name":"Shaded","section":"Shading Mode"},"sceneLighting":true,"audioPlay":false,"sceneViewState":{"showFog":true,"showMaterialUpdate":true,"showSkybox":true,"showFlares":true,"showImageEffects":true,"showParticleSystems":true},"in2DMode":false,"pivot":{"x":41.01905822753906,"y":-0.20023536682128907,"z":8.540352821350098},"rotation":{"x":-0.15580089390277863,"y":-0.7997139096260071,"z":0.2350769191980362,"w":-0.5300213694572449},"size":176.87628173828126,"orthographic":false}